,category,content,date,date_tmp,id,query,title,tokenized_doc,tokenized_title,cat_selected,topic
282,"['IT_과학>모바일', 'IT_과학>인터넷_SNS', 'IT_과학>콘텐츠']","대리운전 기사들이 대리운전 전후 이동수단이 없을 때 카셰어링 서비스를 저렴하게 이용할 수 있게 됐다.카셰어링 업체 그린카(대표 이용호)와 쏘카(대표 이재용)는 카카오와 차량 관련 O2O(Online to Offline) 서비스 활성화를 위해 업무 협약을 맺었다고 29일 밝혔다.  카카오 정주환 O2O사업부문 총괄 부사장(왼쪽)과 그린카 이용호 대표이사   카카오 정주환 부사장(왼쪽)과 이재용 쏘카 대표  그린카와 쏘카는 모바일 대리운전 호출 서비스인 `카카오드라이버`에 8월 말부터 한달 간 시범 서비스를 제공한다.그린카는 총 15만명의 카카오드라이버 기사들에게 심야 시간대 카셰어링 서비스의 대여요금을 100% 무상 지원한다. 기사들은 보험료와 주행요금만으로 카셰어링 서비스를 이용할 수 있다. 쏘카는 한달 간 기준 요금의 90%를 할인해준다. 카카오드라이버 기사회원은 각각의 앱에서 별도의 인증 과정을 거친 후 이용할 수 있다.대리운전 기사들은 심야 대리운전 운행 전후 이동 수단에 대한 문제를 해결할 수 있게 됐으며, 카 셰어링 업체들은 심야 시간대 유휴 차량을 효율적으로 운영할 수 있다.쏘카 이재용 대표이사는 “O2O 서비스 분야에서 고객에게 더 나은 사용자 경험을 제공하고자 다양한 파트너들과의 협력을 지속해나갈 것”이라며 “카카오드라이버와의 제휴를 시작으로 실생활과 밀접하게 연결되는 서비스를 제공할 수 있도록 노력할 예정이다”고 밝혔다.그린카 이용호 대표이사는 “이번 제휴는 카셰어링 서비스가 개인 간의 차량 공유는 물론, 산업군 차원에서도 매우 유용한 서비스로 활용될 수 있음을 보여주는 좋은 선례가 될 것”이라며 “앞으로도 그린카는 다양한 제휴-협력 모델을 개발해 국내 차량 관련 O2O 서비스 활성화에 기여할 계획”이라고 말했다.문보경 자동차 전문기자 okmun@etnews.com",2016-08-29,736205,29703,쏘카,"대리운전기사, 대리운전 전후 카셰어링으로…그린카・쏘카・카카오 업무협약","['대리', '운전', '대리', '운전', '전후', '이동수', '단', '카셰어링', '서비스', '저렴', '이용', '카셰어링', '업체', '그린', '카', '대표', '이용호', '쏘카', '대표', '이재용', '카카오', '차량', '서비스', '활성화', '업무', '협약', '카카오', '정주환', '사업', '총괄', '부사', '왼쪽', '과', '그린', '카', '이용호', '대표이사', '카카오', '정주환', '부사', '왼쪽', '과', '이재용', '쏘카', '대표', '그린', '카', '쏘카', '모바일', '대리', '운전', '호출', '서비스', '카카오', '드라이버', '시범', '서비스', '제공', '그린', '카', '만', '명의', '카카오', '드라이버', '심야', '시간대', '카셰어링', '서비스', '대여', '요금', '무상', '지원', '보험료', '주행', '요금', '카셰어링', '서비스', '이용', '쏘카', '요금', '할인', '카카오', '드라이버', '회원', '앱', '별도', '인증', '과정', '이용', '대리', '운전', '심야', '대리', '운전', '운행', '전후', '이동', '수단', '문제', '해결', '카', '링', '업체', '심야', '시간대', '차량', '효율', '운영', '쏘카', '이재용', '대표이사', '서비스', '분야', '고객', '나은', '사용자', '경험', '제공', '자', '다양', '파트너', '협력', '해나', '카카오', '드라이버', '제휴', '시작', '실생활', '밀접', '연결', '서비스', '제공', '도록', '노력', '그린', '카', '이용호', '대표이사', '제휴', '카셰어링', '서비스', '간의', '차량', '공유', '산업', '군', '차원', '매우', '유용', '서비스', '활용', '음', '보', '여주', '앞', '그린', '카', '다양', '제휴', '협력', '모델', '개발', '국내', '차량', '서비스', '활성화', '기여', '계획', '보경']","['대리', '운전기사', '대리', '운전', '전후', '카셰어링', '그린', '카', '쏘카', '카카오', '업무', '협약']",IT_과학,-1
3,"['경제>산업_기업', 'IT_과학>과학', 'IT_과학>콘텐츠']","배용준도 투자한 폴라리언트 인수 
미래 먹거리 선제적 투자 
 
 
[ 윤희은 기자 ] 차량공유 기업 쏘카가 가상현실(VR) 기술 스타트업(신생 벤처기업)인 폴라리언트를 인수하며 자율주행 기반 모빌리티(이동수단) 플랫폼 구축에 나섰다. 곧 다가올 자율주행차 시대에 걸맞은 플랫폼을 선제적으로 구축하겠다는 의도로 업계는 해석했다. 
 
배용준도 찜한 스타트업, 쏘카 품으로 
 
쏘카는 17일 VR 기반 위치측정 기술 기업인 폴라리언트를 인수했다고 밝혔다. 정확한 인수 가격은 공개하지 않았다. 
 
폴라리언트는 쏘카가 두 번째로 인수한 회사다. 쏘카는 지난해 7월 커플 메신저 앱(응용프로그램) ‘비트윈’을 운영하는 VCNC를 인수했다. 이후 이 회사의 기술력에 쏘카의 영업전략을 접목해 차량공유 서비스인 ‘타다’를 출시했다. 
 
폴라리언트 역시 VCNC처럼 특화된 기술력을 보유한 회사다. 폴라리언트의 주력 기술은 빛을 활용한 경로 측정이다. 빛 감지 센서와 연산 모듈을 합쳐 실시간 위치와 물체 형태를 밀리미터(㎜) 단위로 파악할 수 있다. 레이저·적외선을 활용하는 기존 측정기술보다 저렴한 가격으로 상용화가 가능하다는 강점도 있다. 측정이 더 정밀해졌지만 비용은 낮출 수 있는 기술이다. 
 
 
폴라리언트는 이 기술력을 기반으로 VR 컨트롤러 ‘폴(POL)’을 개발했다. VR 공간에서도 실제 공간에 있는 것처럼 다양한 운동·게임을 할 수 있도록 하는 장비다. 실제 손과 도구를 사용하는 듯한 환경을 제공하는 것이 특징이다. 
 
보다 역동적으로 게임을 즐길 수 있는 VR 장비도 개발 중이다. 머리 위치를 파악하는 헤드 장비와 손의 움직임을 파악하는 핸드 장비 등으로 구성된 ‘폴 X수트’다. 2~8명이 같은 공간에서 동시에 접속하면 생동감 있게 VR게임을 즐길 수 있다는 게 폴라리언트 측의 설명이다. 
 
이 같은 기술력을 바탕으로 폴라리언트는 다수 기업과 유명인으로부터 주목을 받았다. 2015년 회사 설립 후 네이버, 배우 배용준 등으로부터 투자를 유치했다. 
 
자율주행 모빌리티 플랫폼 구축 
 
쏘카가 폴라리언트를 인수한 것은 자율주행차 시대에 필요한 모빌리티 플랫폼을 구축하기 위해서다. 지난해 8월에는 자율주행 스타트업 라이드플럭스에 투자했다. 이어 올 3월 전기자전거 공유 플랫폼 ‘일레클’을 운영하는 나인투원에 투자했다. 
 
라이드플럭스와 나인투원, 폴라리언트는 자율주행 모빌리티 사업이라는 영역에서 각기 다른 강점을 지니고 있다. 라이드플럭스가 자율주행 기술을 연구하고, 나인투원은 이를 자전거 등 소형 모빌리티에 접목한다. 폴라리언트는 보다 정확한 자율주행 기술을 확보하는 위치측정 기술을 제공한다. 
 
이 같은 플랫폼을 총괄하는 것은 쏘카다. 이재웅 쏘카 대표는 중장기적 기술 발전에 따라 현재의 교통시장이 크게 달라질 것이라고 예견한 바 있다. 지난해 기획재정부 산하 공동 혁신성장본부장을 맡던 시절 “2030년이면 우리나라 택시가 모두 자율주행 택시로 바뀐다고 해도 과언이 아니다”고 내다봤다. 이어 “자동차 제조업체와 부품업체, 택시·버스 운수업체 등에 어떤 변화가 필요할지를 논의할 때”라고 강조했다. 
 
쏘카 자체적으로도 도전을 지속하고 있다. 우선 도입하는 차량에 변화를 줬다. 쏘카는 지난 16일 프리미엄 전기차 제조업체 미국 테슬라와 ‘모델S’ 차량을 쏘카 플랫폼 내 장기 공유모델로 이용하는 업무협약을 체결했다. 테슬라에서 내놓는 각종 차량을 쏘카 이용자들이 자유롭게 이용할 수 있는 환경을 조성한 셈이다. 
 
쏘카는 여러 형태의 인수·투자·협약을 바탕으로 차세대 모빌리티 생태계 조성에 앞장선다는 전략이다. 이 대표는 “폴라리언트 기술이 모빌리티산업으로 이어져 확장된다면 큰 기술발전을 가져올 것”이라며 “최고의 기술력을 지닌 다양한 스타트업 및 기업들과 차별화한 모빌리티 생태계를 만들어 나가겠다”고 강조했다. 
 
윤희은 기자 soul@hankyung.com",2019-04-17,737166,28128,쏘카,쏘카가 자율주행車 기술 속속 사들이는 이유는?,"['배용준', '투자', '폴라', '리언', '트', '미래', '먹거리', '선제', '투자', '차량', '공유', '기업', '쏘카', '가상현실', '기술', '스타트업', '신생', '벤처기업', '인', '폴라', '리언', '트', '인', '수하', '자율', '주행', '기반', '모빌리티', '이동수', '단', '플랫폼', '구축', '곧', '자율', '주행', '차', '시대', '걸', '플랫폼', '제적', '구축', '의도', '업계', '배용준', '찜', '스타트업', '쏘카', '품', '쏘카', '기반', '위치', '측정', '기술', '기업인', '폴라', '리언', '트', '정확', '가격', '공개', '폴라', '리언', '쏘카', '번', '회사', '쏘카', '커플', '메신저', '앱', '응용프로그램', '비트', '윈', '운', '영하', '회사', '기술', '력', '쏘카', '영업', '전략', '접목', '차량', '공유', '서비스', '출시', '폴라', '리언', '트', '처럼', '특화된', '기술', '력', '보유', '회사', '폴라', '리언', '트', '주력', '기술', '빛', '활용', '경로', '측정', '빛', '감지', '센서', '연산', '모듈', '위치', '물체', '형태', '밀리미터', '단위', '파악', '레이저', '적외선', '활용', '측정기', '술', '저렴', '가격', '상용', '화가', '강점', '측정', '정밀', '비용', '기술', '폴라', '리언', '기술', '력', '기반', '컨트롤러', '폴', '개발', '공간', '실제', '공간', '처럼', '다양', '운동', '게임', '도록', '장비', '실제', '손', '도구', '사용', '듯', '환경', '제공', '특징', '역', '게임', '장비', '개발', '중이', '머리', '위치', '파악', '헤드', '장비', '손', '움직임', '파악', '핸드', '장비', '구성', '폴', '수트', '공간', '동시', '접속', '생동감', '게임', '게', '폴라', '리언', '트', '측', '기술', '력', '바탕', '폴라', '리언', '다수', '기업', '유명인', '주목', '회사', '설립', '네이버', '배우', '배용준', '로부터', '투자', '유치', '자율', '주행', '모빌리티', '플랫폼', '구축', '쏘카', '폴라', '리언', '트', '자율', '주행', '차', '시대', '필요', '모빌리티', '플랫폼', '구축', '자율', '주행', '스타트업', '라이드', '플럭스', '투자', '거', '공유', '플랫폼', '일레클', '운', '영하', '나인', '투', '투자', '라이드', '플럭스', '나인', '투', '폴라', '리언', '자율', '주행', '모빌리티', '사업', '영역', '각기', '다른', '강점', '지니', '라이드', '플럭스', '자율', '주행', '기술', '연구', '나인', '투', '자전거', '소형', '모빌리티', '접목', '폴라', '리언', '정확', '자율', '주행', '기술', '확보', '위치', '측정', '기술', '제공', '플랫폼', '총괄', '쏘카', '이재웅', '쏘카', '대표', '장기적', '기술', '발전', '교통', '시장', '달라', '질', '예견', '기획재정부', '공동', '혁', '신성장', '본부장', '시절', '이면', '우리나라', '택시', '모두', '자율', '주행', '택시', '해도', '과언', '자동차', '제조업체', '부품', '업체', '택시', '버스', '운수업체', '변화', '필요', '논의', '강조', '쏘카', '자', '도전', '우선', '도', '입하', '차량', '변화', '쏘카', '프리미엄', '전기차', '제조업체', '미국', '테슬라', '모델', '차량', '쏘카', '플랫폼', '장기', '공유', '모델', '이용', '업무', '협약', '체결', '테슬라', '각종', '차량', '쏘카', '이용자', '자유', '롭', '이용', '환경', '조성', '셈', '쏘카', '여러', '형태', '투자', '협약', '바탕', '차', '세대', '모빌리티', '생태계', '조성', '앞', '장선', '전략', '대표', '폴라', '리언', '트', '기술', '모빌리티', '산업', '확장', '기술', '발전', '기술', '력', '다양', '스타트업', '기업', '차별', '모빌리티', '생태계', '강조']","['쏘카', '자율', '주행', '기술', '이유']",IT_과학,5
267,"['IT_과학>인터넷_SNS', 'IT_과학>모바일', 'IT_과학>콘텐츠']","차량 공유 서비스 업체인 쏘카는 전기차 '테슬라 모델S'를 도입해 관련 서비스를 제공한다고 30일 밝혔다. 테슬라 모델S는 17인치 터치스크린을 통해 차량 내 모든 기능을 제어할 수 있다. 쏘카는 이용자 50명을 대상으로 무료 시승 이벤트를 진행한다. 회사 모델이 전기차 공유 서비스 출시를 알리고 있다. 
 쏘카 제공",2016-11-30,736298,29598,쏘카,쏘카 `테슬라 모델S` 공유,"['차량', '공유', '서비스', '업체', '쏘카', '전기차', '테슬라', '모델', '도입', '서비스', '제공', '테슬라', '모델', '인치', '터치스크린', '차량', '모든', '기능', '제어', '쏘카', '이용자', '무료', '승', '이벤트', '진행', '회사', '모델', '전기차', '공유', '서비스', '출시', '알리', '쏘카', '제공']","['쏘카', '테슬라', '모델', '공유']",IT_과학,10
17,"['IT_과학>인터넷_SNS', 'IT_과학>콘텐츠']","[머니투데이 강미선 기자] [마포 및 신촌 통근·통학 이동수요 집중 지역 서비스]

 일레클 전기자전거
전기자전거 공유 플랫폼 일레클이 10일 서울에서 처음으로 전기자전거 공유서비스를 시작했다. 

지난달 쏘카의 지분투자를 받은 일레클은 이날 ""서울 서비스 시작을 계기로 쏘카와 함께 마이크로 모빌리티(소형 이동수단) 혁신 실험에 본격적으로 나선다""고 밝혔다. 

쏘카는 지난 6일 일레클에 지분 투자를 완료했다고 밝혔다. 도시 교통 문제 해소를 위해 서울에서 전기 자전거 공유 사업을 시작해 연내 전국 2000대로 전기 자전거를 확대하겠다는 목표도 제시했다.

일레클은 특히 지방자치단체, 대학과의 적극적 협업으로 도시 이동 문화를 개선할 방침이다. 이날부터 일레클 모바일 앱을 통해 서울 마포구 일대와 신촌 대학가에서 전기자전거 검색과 이용이 가능하다. 

앱에서 가까운 일레클 자전거를 찾아 QR코드를 스캔하면 이용할 수 있다. 이용 후 반납 구역 내 주차한 후 탑승종료 버튼을 누르면 반납이 완료된다. 일레클 정식 서비스의 이용요금은 첫 5분 500원, 이후 분당 100원이다. 반납 후 미리 등록한 카드로 요금이 결제되며 첫 회원가입 시 15분 무료쿠폰이 제공된다.

일레클을 운영하는 나인투원의 배지훈 대표는 ""인프라 관리, 플랫폼 운영, 수요공급에 따른 배치 최적화 등 쏘카의 전국 단위 차량 운영·관리 노하우가 일레클 서비스 안정화와 고도화에 핵심적으로 기여할 것""이라고 말했다.

일레클은 5월 중 서울 대학 캠퍼스, 주변 지역과 연계한 소형 이동수단 사업을 확장하고, 상반기 중에는 서울 전 지역으로 서비스를 확대할 계획이다. 경기 하남, 인천, 세종, 충북혁신도시 등 지방자치단체와 전기자전거 도입을 위한 논의도 진행 중이다.",2019-04-10,737159,28180,쏘카,"쏘카·일레클, 공유 전기자전거 서울서 달린다","['머니투데이', '마포', '신촌', '통근', '통학', '이동수', '집중', '지역', '서비스', '거', '공유', '플랫폼', '일레클', '서울', '거', '공유', '서비스', '시작', '지난달', '쏘카', '지분', '투자', '일레클', '날', '서울', '서비스', '시작', '계기', '쏘카', '마이크로', '모빌리티', '소형', '이동수', '단', '혁신', '실험', '본격', '나선', '쏘카', '일레클', '지분', '투자', '완료', '도시', '교통', '문제', '해소', '서울', '전기', '자전거', '공유', '사업', '시작', '연내', '전국', '대로', '전기', '자전거', '목표', '일레클', '지방자치단체', '대학', '적극', '협업', '도시', '이동', '문화', '방침', '날', '일레클', '모바일', '앱', '서울', '마포구', '일대', '신촌', '거', '검색', '이용', '앱', '까운', '일레클', '자전거', '코드', '스캔', '이용', '이용', '반납', '구역', '주차', '탑승', '종료', '버튼', '반납', '완료', '일레클', '정식', '서비스', '이용', '요금', '첫', '분당', '반납', '미리', '등록', '카드', '요금', '결제', '첫', '회원', '가입', '시', '무료', '쿠폰', '제공', '일레클', '운', '영하', '나인', '투', '배지', '훈', '대표', '인프라', '플랫폼', '운영', '공급', '배치', '최적화', '쏘카', '전국', '단위', '차량', '운영', '노하우', '일레클', '서비스', '안정화', '고도화', '핵심', '기여', '일레클', '서울', '대학', '캠퍼스', '주변', '지역', '계', '소형', '이동수', '단', '사업', '확장', '상반기', '서울', '지역', '서비스', '계획', '경기', '하남', '인천', '세종', '충북', '혁신도시', '거', '도입', '논의', '진행', '중이']","['쏘카', '일레클', '거', '서울', '달린다']",IT_과학,0
30,"['경제>자동차', 'IT_과학>콘텐츠', 'IT_과학>인터넷_SNS']","쏘카가 11일과 12일 국회에서 열리는 '2019 자율주행 기술제품 전시 및 자율주행차 시승식'에서 애플리케이션(앱)을 기반으로 한 자율주행 호출 및 이용 서비스를 시연한다.

자율주행 차량 호출 서비스 시연은 지난해 11월 SK텔레콤과 SWM.AI, 서울대, 연세대 등과 공동으로 진행한 자율주행 기반 카셰어링 시연에 이은 두 번째 행사다. 쏘카는 공유 차량 운행경험을 바탕으로 자율주행 차량과 사용자를 연결하고 최적화된 이동을 제공하는 플랫폼을 개발 중이다. 
 
 
쏘카는 카셰어링 사업을 통해 축적된 광범위한 운영 경험과 플랫폼 기술로 자율주행 차량과 이용자를 연결하는 서비스 접점이 될 것으로 보고 있다. 쏘카는 지난해 자율주행 스타트업 라이드플럭스 투자에 이어 자율주행 기반 카셰어링 시연 등 자율주행 시대 모빌리티 플랫폼 서비스를 준비하고 있다.

원종필 쏘카 최고기술책임자는 “차량 공유와 자율주행 기술이 만나면 최신 기술을 통한 최적화된 이동이 가능해진다”면서 “자율주행 등 최신 모빌리티 기술을 이용자들이 편리하게 경험하고 이용할 수 있도록 노력할 것”이라고 말했다.

정치연 자동차 전문기자 chiyeon@etnews.com",2019-03-11,737129,28285,쏘카,"쏘카, 자율주행 차량 '호출 서비스' 시연","['쏘카', '과', '국회', '자율', '주행', '기술', '제품', '전시', '자율', '주행', '차', '시', '승식', '애플리케이션', '앱', '기반', '자율', '주행', '호출', '이용', '서비스', '시연', '자율', '주행', '차량', '호출', '서비스', '시연', '텔레콤', '서울대', '연세대', '공동', '진행', '자율', '주행', '기반', '카셰어링', '시연', '행사', '쏘카', '공유', '차량', '운행', '경험', '바탕', '자율', '주행', '차량', '사용자', '연결', '최적화', '이동', '제공', '플랫폼', '개발', '중이', '쏘카', '카셰어링', '사업', '축적', '광범위', '운영', '경험', '플랫폼', '기술', '자율', '주행', '차량', '이용자', '연', '결하', '서비스', '접점', '보고', '쏘카', '자율', '주행', '스타트업', '라이드', '플럭스', '투자', '자율', '주행', '기반', '카셰어링', '시연', '자율', '주행', '시대', '모빌리티', '플랫폼', '서비스', '준비', '원종', '필', '쏘카', '최', '고기술', '책임자', '차량', '공유', '자율', '주행', '기술', '최신', '기술', '통한', '최적화', '이동', '자율', '주행', '최신', '모빌리티', '기술', '이용자', '편', '리하', '경험', '이용', '도록', '노력', '정치', '연']","['쏘카', '자율', '주행', '차량', '호출', '서비스', '시연']",IT_과학,7
70,"['IT_과학>IT_과학일반', '경제>증권_증시', '경제>자원']","승차공유업체 쏘카가 벤처캐피털(VC) 알토스벤처스, KB인베스트먼트, 스톤브릿지벤처스, 소프트뱅크벤처스로 부터 총 500억원 규모의 투자를 유치했다고 15일 밝혔다 



쏘카가 투자를 유치한 것은 지난해 4월 IMM프라이빗에쿼티로 부터 600억원의 투자를 유치한지 9개월 만이다. 쏘카 관계자는 ""이번 투자 유치를 통해 인프라 확대와 서비스 품질을 강화하는 한편, 연구 및 기술 개발 역량에 투자해 미래 모빌리티 플랫폼으로 준비하겠다""고 설명했다. 



이재웅 쏘카 대표는 ""쏘카와 타다는 사람들이 차를 소유하지 않고도 이동을 편하게 하는 것을 목표로 하고 있다""며 ""내 차 없이도 사람들의 상황에 맞는 이동 수단이 최적화돼 제공될 수 있도록 국내 모빌리티 플랫폼 인프라와 기술 기반을 마련하겠다""고 말했다. 김위수기자 withsuu@dt.co.kr",2019-01-15,737074,28524,쏘카,"승차공유업체 쏘카, 500억 투자 유치","['승차', '공유', '업체', '쏘카', '벤처캐피털', '알토', '스벤', '처스', '인베스트먼트', '스톤', '브릿지', '벤처', '스', '소프트뱅크', '벤처', '스', '규모', '투자', '유치', '쏘카', '투자', '유치', '프라이', '빗', '쿼티', '투자', '유치', '한지', '쏘카', '투자', '유치', '인프라', '서비스', '품질', '연구', '기술', '개발', '역량', '투자', '미래', '모빌리티', '플랫폼', '준비', '이재웅', '쏘카', '대표', '쏘카', '사람', '차', '소', '유하', '고도', '이동', '목표', '차', '이도', '사람', '이동', '수단', '최적화', '제공', '도록', '국내', '모빌리티', '플랫폼', '인프라', '기술', '기반', '마련', '김위', '수기', '자']","['승차', '공유', '업체', '쏘카', '투자', '유치']",IT_과학,1
93,"['IT_과학>과학', 'IT_과학>인터넷_SNS', 'IT_과학>모바일']","자율주행 기술 개발을 위해 네이버의 기술연구 자회사 네이버랩스와 차량공유 서비스 기업 쏘카가 손잡았다. 양사는 14일 경기 성남시 네이버랩스 본사에서 업무협약(MOU)을 체결했다고 밝혔다.
이번 MOU는 양사의 전문 역량을 결집해 시너지 효과를 내기 위한 협약이다. 네이버랩스는 첨단 운전자 보조 시스템(ADAS) 및 차세대 내비게이션 사업, 그리고 정밀 지도 개발을 담당한다.
ADAS는 운전자 부주의로 인한 사고 가능성을 낮춰주는 시스템으로, 차량이 차선을 이탈하면 경보음이 울리거나 고속도로 등에서 앞차에 맞춰 속도를 유지해주는 ‘크루즈’ 기능 등 이미 많은 차량에 적용된 기술이다. 사람이 직접 운전하지 않는 자율주행차에선 필수적인 기능일 수밖에 없다. 네이버랩스는 그 동안 추적해 온 자율주행 기술 노하우를 ADAS로 구현해 쏘카의 안전운행에 기여할 예정이다.
네이버랩스가 지난달 개발자 콘퍼런스 ‘데뷰(DEVIEW) 2018’에서 공개한 정밀지도 및 위치인식 플랫폼 ‘xDM’은 쏘카 차량들과 연동된다. xDM에는 네이버가 연구해 온 지도, 측위, 내비게이션 기술과 고정밀 데이터가 집약돼 있다. 쏘카 운전자들은 전국 각지의 실제 교통상황을 실시간으로 보여주는 다이내믹 지도를 보며 빠르고 안전하게 목적지까지 도달할 수 있게 된다.
쏘카가 전국을 돌아다니며 수집된 도로환경 정보는 네이버랩스에 공유된다. 자율주행과 정밀지도 기술이 발전할 수 있는 토대를 만들기 위해서다. 네이버랩스는 차량이 실시간으로 수집하는 데이터를 xDM에 바로 업데이트해 ‘디지털 트윈(Digital Twin)’ 생태계를 구축하는 것이 목표다.
송창현 네이버랩스 대표는 “일상과 기술을 연결시켜 기술의 참된 가치가 발현될 수 있도록 노력하겠다”고 밝혔다. 이재웅 쏘카 대표는 “플랫폼을 통해 자율주행 기술 발전을 앞당기고, 발전된 기술과 서비스를 플랫폼에서 다시 경험할 수 있는 미래를 만들겠다”면서 “지속적인 협력으로 모빌리티 혁신을 이어나가겠다”고 말했다.
곽주현 기자 zooh@hankookilbo.com",2018-11-14,737012,28722,쏘카,"네이버랩스-쏘카, 자율주행 기술 개발 위해 손 맞잡아","['자율', '주행', '기술', '개발', '네이버', '기술', '연구', '자회사', '네이버', '랩스', '차량', '공유', '서비스', '기업', '쏘카', '양사', '경기', '성남시', '네이버', '랩스', '본사', '업무', '협약', '체결', '양사', '전문', '역량', '결집', '시너지', '내기', '협약', '네이버', '랩스', '첨단', '운전자', '보조', '시스템', '차', '세대', '내비게이션', '사업', '정밀', '지도', '개발', '담당', '운전자', '부주의', '사고', '가능성', '시스템', '차량', '차선', '이탈', '경보', '음', '거나', '고속도로', '앞차', '속도', '해주', '크루즈', '기능', '차량', '적용', '기술', '사람', '직접', '운', '전하', '자율', '주행', '차', '필수', '기능', '네이버', '랩스', '추적', '온', '자율', '주행', '기술', '노하우', '구현', '쏘카', '안전', '운행', '기여', '네이버', '랩스', '지난달', '개발자', '콘퍼런스', '데뷰', '공개', '정밀', '지도', '위치인식', '플랫폼', '쏘카', '차량', '연동', '네이버', '연구', '온', '지도', '측위', '내비게이션', '기술', '고정', '밀', '데이터', '집약', '쏘카', '운전자', '전국', '각지', '실제', '교통상황', '보', '여주', '다이내믹', '지도', '전하', '목적지', '도달', '쏘카', '전국', '수집', '도로', '환경', '네이버', '랩스', '공유', '자율', '주행', '정밀', '지도', '기술', '발전', '토대', '만들기', '네이버', '랩스', '차량', '수집', '데이터', '바로', '업데이트', '디지털', '트윈', '생태계', '구', '축하', '목표', '송창현', '네이버', '랩스', '대표', '일상', '기술', '연결', '기술', '가치', '발현', '도록', '노력', '이재웅', '쏘카', '대표', '플랫폼', '자율', '주행', '기술', '발전', '앞', '기고', '발전', '기술', '서비스', '플랫폼', '경험', '미래', '협력', '모빌리티', '혁신']","['네이버', '랩스', '쏘카', '자율', '주행', '기술', '개발', '손']",IT_과학,6
146,"['경제>산업_기업', 'IT_과학>콘텐츠', 'IT_과학>인터넷_SNS']","국내 1위 카셰어링 업체 쏘카가 16일 커플 앱 ‘비트윈’ 개발사인 VCNC를 인수했다. 

VCNC는 애인과 부부 등 파트너 간에만 메시지를 보낼 수 있는 메신저 앱인 비트윈 개발사다. 국내를 포함해 싱가포르, 대만, 일본 등 글로벌 시장에서 2600만건 이상의 다운로드를 기록했고 하루 100만명 이상이 이용하고 월간 14억 건의 채팅, 4500만 건의 데이터가 오간다.

쏘카 측은 “벤처기업 자력만으로 글로벌 현지 시장 공략에 성공해 전체 앱 다운로드의 절반 이상이 글로벌 시장에서 이루어졌다”며 “대규모 서비스를 안정적으로 제공해온 기술력을 쏘카의 사업 전반에 활용할 수 있을 것”이라고 밝혔다.

VCNC 인수는 4월 이재웅 다음 창업자(50·사진)가 쏘카의 대표이사로 취임한 후 진행한 첫 인수합병 사례다. 쏘카의 최대주주였던 이재웅 대표는 지난 4월 아예 대표이사로 취임하며 11년만에 벤처 경영인으로 복귀했다. 이 대표는 취임 후 기술 및 데이터 기반 종합 모빌리티 기업으로 진화하겠다는 목표를 내걸었고 하반기부터 인수합병을 공격적으로 진행하겠다고 밝힌 바 있다. 

이 대표는 이날 “IT업계에서 촉망받는 기업이 모빌리티 산업으로 힘을 더하게 되어 더욱 기대가 크다”며 “종합 모빌리티 플랫폼으로 획기적인 성장과 혁신을 리드하기 위해서는 역량 있는 기업들과 함께 비전을 만들고 모빌리티 산업의 생태계를 강화해 나가야 한다”라고 말했다.

<주영재 기자 jyj@kyunghyang.com>",2018-07-16,736891,29065,쏘카,이재웅 쏘카 대표 취임 후 첫 인수합병,"['국내', '카셰어링', '업체', '쏘카', '커플', '앱', '비트', '윈', '개발', '사인', '애인', '부부', '파트너', '메시지', '메신저', '앱', '비트', '윈', '발사', '국내', '포함', '싱가포르', '대만', '일본', '글로벌', '시장', '다운로드', '하루', '이용', '월간', '건의', '채팅', '만', '건의', '데이터', '오', '간다', '쏘카', '측은', '벤처기업', '자력', '글로벌', '시장', '공략', '성공', '앱', '다운로드', '절반', '글로벌', '시장', '이루', '어졌다', '대규모', '서비스', '정적', '제공', '온', '기술', '력', '쏘카', '사업', '전반', '활용', '이재웅', '다음', '창업', '자', '사진', '쏘카', '대표이사', '취임', '진행', '첫', '인수합병', '사례', '쏘카', '주주', '이재웅', '대표', '아예', '대표이사', '취임', '벤처', '경영인', '복귀', '대표', '취임', '기술', '데이터', '기반', '종합', '모빌리티', '기업', '진화', '목표', '인수합병', '진행', '대표', '날', '업계', '촉망', '기업', '모빌리티', '산업', '힘', '종합', '모빌리티', '플랫폼', '획', '기적', '성장', '혁신', '리드', '역량', '기업', '모빌리티', '산업', '생태계', '나가야']","['이재웅', '쏘카', '대표', '취임', '첫', '인수합병']",IT_과학,2
189,"['IT_과학>모바일', '경제>산업_기업', 'IT_과학>인터넷_SNS']","[ 김보형 기자 ] SK(주)가 글로벌 차량 공유(카셰어링) 사업에 나섰다. SK(주
)는 국내 최대 카셰어링 업체 쏘카와 합작한 ‘쏘카 말레이시아’가
 지난 23일 말레이시아 쿠알라룸푸르에서 출범식을 열고 차량공유 서비스를 시
작했다고 25일 밝혔다.

국내 차량공유업체가 해외에 진출한 것은 이번이 처음이다. 쏘카 말레이시아는
 차량 240여 대와 ‘쏘카 존’ 100여 개를 확보해 서비스에 들어갔다
. 레온풍 쏘카 합자법인 대표는 “말레이시아는 도심 인구 밀도가 높아 차
량 공유 수요가 많은 데다 시장 선도 업체도 없어 사업 전망이 밝다”고 
말했다.

김보형 기자 kph21c@hankyung.com",2018-01-26,736720,29239,쏘카,"쏘카 말레이시아 출범… SK, 차량공유 서비스","['글로벌', '차량', '공유', '카셰어링', '사업', '국내', '카셰어링', '업체', '쏘카', '합작', '쏘카', '말레이시아', '말레이시아', '쿠알라룸푸르', '범식', '차량', '공유', '서비스', '시', '작', '국내', '차량', '공유', '업체', '해외', '진출', '처음', '쏘카', '말레이시아', '차량', '여', '쏘카', '존', '여', '확보', '서비스', '레온', '쏘카', '합자', '법인', '대표', '말레이시아', '도심', '인구', '밀도', '차', '량', '공유', '데', '시장', '선도', '업체', '사업', '전망']","['쏘카', '말레이시아', '출범', '차량', '공유', '서비스']",IT_과학,3
286,"['IT_과학>콘텐츠', 'IT_과학>인터넷_SNS', 'IT_과학>모바일']","SK텔레콤이 차량공유서비스업체(카셰어링) '쏘카' 차량에 IoT(사물인터넷) 전용망 기술을 적용하고 내비게이션 'T맵'을 지원한다. 양사는 궁극적으로 쏘카 공유 차량을 커넥티드카로 만들어나갈 계획이라고 22일 밝혔다.커넥티드카는 관제센터와 실시간 데이터를 송수신하는 차량을 말한다. 스마트폰을 이용해 원격으로 시동을 걸거나 에어컨 등을 켤 수 있고 날씨·뉴스 등 생활정보를 운전자가 실시간으로 받아 볼 수 있다. 영상·음악 스트리밍 서비스, 지도 검색·통화도 지원된다. SK텔레콤은 우선 쏘카에 IoT 전용망 LTE-M을 도입할 예정이다. 커넥티드카의 기반인 빠르고 안정적인 통신 체계를 구축하기 위해서다. 이를 통해 실시간 차량제어를 할 수 있다. 양사는 올해 말까지 시범 운영한 후 내년 상반기부터 본격 적용할 계획이다.인포테인먼트(정보+오락) 시스템도 도입한다. 신규 차량을 대상으로 T맵을 장착하고, 차량 예약·연장은 물론 블루투스 스피커와 카오디오 기능을 탑재한 태블릿PC를 설치할 예정이다. 양사는 실시간 차량운행 정보 등 쏘카에서 수집된 빅데이터와 SK텔레콤의 T맵 데이터를 융합해 커넥티드카에 최적화된 신규 서비스를 추가 개발키로 했다. 차량공유 서비스 고객의 성별·연령별·지역별 특성이 다르고 경차에서 고급차까지 다양한 차량에서 데이터를 수집할 수 있어 자율주행차 연구에도 도움이 될 것으로 SK텔레콤 측은 기대했다. 김영주 SK텔레콤 엔터프라이즈 비즈 본부장은 ""커넥티드카는 SK텔레콤이 추진하는 3대 차세대 플랫폼인 '생활가치·통합미디어·IoT서비스'가 어우러진 분야""라며 ""차량공유 업계 선두주자인 쏘카와 협력해 공유경제에 이바지할 사업을 발굴할 것""이라고 밝혔다. 김명훈 쏘카 기술개발본부장은 ""IoT 전용망 LTE-M과 T맵이 쏘카를 만나 어떤 시너지를 보여줄지 기대된다""고 밝혔다. 쏘카는 2012년 제주도에서 서비스를 시작해 4년만에 회원 수가 300명에서 210만명으로 늘었다. 공유 차량 대수는 현재 6500대, 지점은 2450곳이다. 진달래 기자 aza@mt.co.kr",2016-08-22,736198,29713,쏘카,"차량공유 '쏘카', SKT LTE 통신에 T맵 장착한다","['텔레콤', '차량', '공유', '서비스업', '체', '카셰어링', '쏘카', '차량', '사물인터넷', '전용', '망', '기술', '적용', '내비게이션', '맵', '지원', '양사', '궁', '극적', '쏘카', '공유', '차량', '커넥티드카', '계획', '커넥티드카', '관제', '센터', '데이터', '송수', '신하', '차량', '스마트폰', '이용', '원격', '시동', '걸', '거나', '에어컨', '날씨', '뉴스', '생활', '운전자', '볼', '영상', '음악', '스트리밍', '서비스', '지도', '검색', '통화', '지원', '텔레콤', '우선', '쏘카', '전용', '망', '도입', '커넥티드카', '기반', '정적', '통신', '체계', '구축', '차량', '제어', '양사', '시범', '운영', '내년', '상반기', '본격', '적용', '계획', '인포테인먼트', '오락', '시스템', '도입', '차량', '맵', '장착', '차량', '예약', '연장', '블루투스', '스피커', '카', '오디오', '기능', '탑재', '태블릿', '설치', '양사', '차량', '운행', '쏘카', '수집', '빅데이터', '텔레콤', '맵', '데이터', '융합', '커넥티드카', '최적화', '서비스', '개발', '차량', '공유', '서비스', '고객', '성별', '연령', '별', '지역별', '특성', '경차', '고급', '차', '다양', '차량', '데이터', '수집', '자율', '주행', '차', '연구', '도움', '텔레콤', '측은', '김영주', '텔레콤', '엔터프라이즈', '비즈', '본부장', '커넥티드카', '텔레콤', '추진', '차', '세대', '플랫폼', '생활', '가치', '통합', '미디어', '서비스', '분야', '차량', '공유', '업계', '선두', '주자', '쏘카', '협력', '공유경제', '이바지', '사업', '발굴', '김명훈', '쏘카', '기술', '개발', '본부장', '전용', '망', '과', '맵', '쏘카', '시너지', '보여', '줄', '쏘카', '제주도', '서비스', '시작', '회원', '수가', '공유', '차량', '대수', '지점', '곳']","['차량', '공유', '쏘카', '통신', '맵']",IT_과학,11
304,"['IT_과학>모바일', '경제>산업_기업', 'IT_과학>인터넷_SNS']","새 차를 구입하려던 김영수(가명) 씨는 신차 구매 대신 쏘카의 ‘제로카셰어링’으로 아반떼 AD 신차를 탄다. 1년간 매달 19만8000원에 차량을 사용할 수 있고, 카셰어링을 함으로써 발생한 수익으로 쏘카 대여료는 물론, 주유요금, 하이패스 요금까지 할인 받기 때문이다. 필요할 땐 내 차처럼 쓰고, 이용하지 않을 때의 수익으로 최대 0원까지 할인 받는 쏘카의 신차장기렌터카 ‘제로카셰어링’ 서비스를 소개한다. 
 ▶나누고, 돌려 쓰는 카셰어링 공유경제 
 쏘카의 제로카셰어링을 이용하면 아반떼AD 1.6GDI를 1년간 월 대여료 19만8000원(VAT별도)이라는 합리적인 금액에 언제든 차를 쓸 수 있다. 이용하지 않는 시간에 카셰어링으로 다른 사람이 아반떼AD를 쓰면 수익금 중 50%가 내게 크레딧으로 제공된다. 이렇게 제공받은 크레딧은 쏘카 주유비나 쏘카 대여료로 쓸 수 있다. 월 대여료 19만8000원은 신차 구매 시 매달 147만원, 장기 렌트 시 매달 60만6363원에 비하면 파격적인 가격이 아닐 수 없다. 필요할 땐 내 차처럼 쓰고, 안 쓸 때는 카셰어링에 동참해 월 대여료와 차량 운영에 필요한 주유비 및 고속도로 하이패스 요금으로 이용할 수 있게 된 것이다. 게다가 제로카셰어링은 신차 구매나 장기 렌트와는 달리 선수금, 보증금, 취득세, 자동차세, 보험료 등 차량 구입 시 발생하는 초기 부담금도 모두 무상으로 제공된다. 앱을 깔면 차량 공유 상태를 간단히 전환할 수 있으며, 할인내역, 예약현황을 한눈에 쉽게 확인할 수 있다. 차량정비 및 소모품 교환 역시 무료로 제공되며, 차량 운영 중 고장 또는 사고 발생 시 무료 대차 서비스를 제공하고 전국 SK직영 주유소에서 외부 자동세차(월 8회)도 지원된다. 기존 신차장기렌트카 상품의 경우, 옵션 추가로 인한 비용이 발생하는 반면, 제로카셰어링은 차량 내 WIFI, 태블릿 내비게이션, 후방카메라, 하이패스, 블랙박스, 측후면 틴팅(Tinting)도 무료로 제공된다. 카셰어링 업체를 즐겨 이용한다는 김영수 씨는 무엇보다 ‘차량 상태가 깔끔하고, 디테일한 주차 네트워크와 활발한 리뷰 관리’를 쏘카의 장점으로 꼽는다. 업계 최초 회원수 200만명을 돌파한 국내 카셰어링 업계 1위 ‘쏘카(대표 이재용, www.socar.kr)’는 최소 30분부터 10분 단위로 차를 대여할 수 있으며 전 세계 카셰어링 업체 최초로 사회적 선을 추구하는 기업에게 수여하는 2014년 글로벌 공유경제 기업(B Corp) 인증을 획득, 올 6월부터는 차고지까지 가지 않고 차를 대여하고 반납하는 도어 투 도어(D2D) 서비스를 선보이고 있다. “제로카셰어링을 통해 전국 곳곳에 쏘카존을 더욱 확산시켜, 굳이 차를 구매할 필요성을 못 느끼게 만드는 것이 궁극적인 목표입니다.”(쏘카 이재용 대표이사)
 [글 박찬은 기자 사진 쏘카]
[본 기사는 매일경제 Citylife 제537호 (16.07.19일자) 기사입니다]",2016-07-15,736160,29760,쏘카,"쏘카(SOCAR), ‘제로카셰어링’ 출시…대여료 0원으로 아반떼 신차 타는 법","['새', '차', '구입', '김영수', '가명', '씨', '신차', '구매', '대신', '쏘카', '제로', '카셰어링', '아반떼', '신차', '매달', '차량', '사용', '카셰어링', '로써', '수익', '쏘카', '대여', '료', '주유', '요금', '요금', '할인', '필요', '땐', '차', '처럼', '이용', '수익', '할인', '쏘카', '신차', '장기', '렌터카', '제로', '카셰어링', '서비스', '소개', '카셰어링', '공유경제', '쏘카', '제로', '카셰어링', '이용', '아반떼', '월', '대여', '료', '별도', '합리적', '금액', '언제', '차', '이용', '시간', '카셰어링', '다른', '사람', '아반떼', '수익금', '크레딧', '제공', '제공', '크레딧', '쏘카', '유비', '쏘카', '대여', '료', '월', '대여', '료', '신차', '구매', '시', '매달', '장기', '렌트', '시', '매달', '파격', '가격', '필요', '땐', '차', '처럼', '카셰어링', '동참', '월', '대여', '료', '차량', '운영', '필요', '주유', '고속도로', '요금', '이용', '게다가', '제로', '카셰어링', '신차', '구매', '장기', '렌트', '달리', '선수금', '보증금', '취득세', '자동차세', '보험료', '차량', '구입', '시', '초기', '부담', '금도', '모두', '무상', '제공', '앱', '차량', '공유', '간단', '전환', '할인', '역', '예약', '현황', '한눈', '확인', '차량', '정비', '소모품', '교환', '무료', '제공', '차량', '운영', '고장', '사고', '시', '무료', '대차', '서비스', '제공', '전국', '직영', '주유소', '외부', '자동', '세차', '월', '도', '지원', '신차', '장기', '렌트카', '상품', '옵션', '비용', '반면', '제로', '카셰어링', '차량', '태블릿', '내비게이션', '후방', '카메라', '블랙박스', '측후', '틴팅', '도', '무료', '제공', '카셰어링', '업체', '이용', '김영수', '씨', '무엇', '차량', '디테일', '주차', '네트워크', '활발', '리뷰', '쏘카', '장점', '꼽는다', '업계', '최초', '회원', '돌파', '국내', '카셰어링', '업계', '쏘카', '대표', '이재용', '최소', '단위', '차', '대여', '세계', '카셰어링', '업체', '최초', '사회', '추구', '기업', '수여', '글로벌', '공유경제', '기업', '인증', '획득', '차', '고지', '가지', '차', '대여', '반납', '도어', '투', '도어', '서비스', '보이', '제로', '카셰어링', '전국', '곳곳', '카존', '확산', '굳이', '차', '구매', '필요성', '못', '궁', '극적', '목표', '쏘카', '이재용', '대표이사', '글', '사진', '쏘카', '매일경제', '제호', '자']","['쏘카', 'socar', '제로', '카셰어링', '출시', '대여', '료', '아반떼', '신차', '법']",IT_과학,8
343,"['IT_과학>인터넷_SNS', 'IT_과학>모바일']","쏘카(대표 김지만)는 편도 서비스 시행 1년 만에 누적 이용자 수 3만 명을 돌파했다고 28일 밝혔다. 지난 달 편도 서비스 이용 건수는 6000건으로, 1년 전보다 20배가량 늘었다.편도 카셰어링 서비스는 차량 사용 후 대여 장소로 다시 돌아갈 필요 없이 목적지 주변에 반납하는 서비스다. 국내 카셰어링 시장은 왕복형 모델로 시작했지만 쏘카가 지난해 9월 편도 서비스를 시작했다.    편도 서비스는 차량 회송·재배치를 위한 인력과 비용이 발생한다. 회사는 비용 절감을 위해 회송 차량을 회원에게 무료 제공했다. 무료 회송 노선 ‘편도 핫딜’을 이용하면 일부 주행요금과 주차비만 내고 대여료 없이 차를 빌릴 수 있다.이동이 필요한 차량 65%를 이 방법으로 옮기고, 나머지 차량 재배치에 탁송업체를 이용했다. 무료 노선 이용 건수는 누적 4000건, 금액 환산 기준 약 5억원에 달했다.서울과 경기, 광역시 중심으로 편도 서비스 지역을 확장했다. 추석 연휴 기간 지역 간 장거리 편도 모델 시험도 마쳤다.신승호 쏘카 마케팅본부장은 “회원 참여를 통해 자생적으로 선순환하는 편도 모델을 마련해 왕복형과 나란히 성장하고 있다”며 “지정 거점(주차존) 없이 자유롭게 이동하는 새 편도 모델 도입도 준비 중”이라고 밝혔다.송준영기자 songjy@etnews.com",2015-10-28,735899,30002,쏘카,쏘카 편도 서비스 이용 건수 1년 새 20배[수정],"['쏘카', '대표', '김지만', '편도', '서비스', '시행', '누적', '이용자', '만', '돌파', '편도', '서비스', '이용', '건수', '건', '전보', '가량', '편도', '카셰어링', '서비스', '차량', '사용', '대여', '장소', '필요', '목적지', '주변', '반납', '서비스', '국내', '카셰어링', '시장', '왕복', '모델', '시작', '쏘카', '편도', '서비스', '시작', '편도', '서비스', '차량', '회송', '재', '배치', '인력', '비용', '회사', '비용', '절감', '회송', '차량', '회원', '무료', '제공', '무료', '회송', '노선', '편도', '핫딜', '이용', '일부', '주행', '요금', '주차', '비만', '대여', '료', '차', '이동', '필요', '차량', '방법', '옮', '기고', '나머지', '차량', '재', '배치', '탁송', '업체', '이용', '무료', '노선', '이용', '건수', '누적', '건', '금액', '환산', '서울', '경기', '광역시', '중심', '편도', '서비스', '지역', '확장', '추석', '연휴', '기간', '지역', '장거리', '편도', '모델', '시험', '신승호', '쏘카', '마케팅', '본부장', '회원', '자생', '순환', '편도', '모델', '마련', '왕복', '성장', '지정', '거점', '주차', '존', '자유', '롭', '동하', '새', '편도', '모델', '도입', '준비', '송준영', '기자']","['쏘카', '편도', '서비스', '이용', '건수', '새', '수정']",IT_과학,4
363,"['경제>산업_기업', '경제>금융_재테크', 'IT_과학>IT_과학일반']","P2P(개인 간 개인) 핀테크 기업 8퍼센트는 자동차 공유 서비스 기업 쏘카의 투자자 모집에 170명이 모여 1차 거래가 성사됐다고 6일 밝혔다. 

쏘카는 채권 투자자분들과 함께 안정적인 수익을 나누고 카 쉐어링 문화를 더욱 확산시키기 위해 자금 조달을 요청했다. 3일 진행된 1차 채권의 조건은 모집금액 3억원, 만기 12개월, 연 4.5%의 금리였다. 조달된 금액은 차량을 구매하는데 사용될 예정이다.

이효진 8퍼센트 대표는 ""쏘카 딜이 큰 금액임에도 불구하고 채권을 공시한지 4시간 만에 170명의 투자자로 마감되면서 많은 투자자들의 관심과 성원을 확인할 수 있었다""며 ""저금리 시대에 마땅한 투자처가 없는 투자자들에게 합리적인 대안 상품이 될 것""이라고 말했다.

박소영기자 cat@dt.co.kr",2015-07-06,735785,30103,쏘카,"8퍼센트-쏘카, P2P 대출상품에 1차 투자자 170명 몰려","['핀테크', '기업', '퍼센트', '자동차', '공유', '서비스', '기업', '쏘카', '투자자', '모집', '차', '거래', '성사', '쏘카', '채권', '투자자', '분', '정적', '수익', '카', '쉐어', '링', '문화', '확산', '자금', '조달', '요청', '진행', '차', '채권', '조건', '모집', '금액', '만기', '연', '금리', '조달', '금액', '차량', '구', '매하', '데', '사용', '이효진', '퍼센트', '대표', '쏘카', '딜', '금액', '임', '불구', '채권', '공시', '한지', '명의', '투자자', '마감', '투자자', '관심', '성원', '확인', '저금', '리', '시대', '투자', '처가', '투자자', '합리적', '대안', '상품', '박소영', '기자']","['퍼센트', '쏘카', '대출', '상품', '차', '투자자']",IT_과학,9
385,['지역>지역일반'],"쏘카(대표 김지만)는 대학 중간고사 기간을 맞아 ‘간식카’를 마련하고 ‘캠퍼스 어택’을 진행한다고 16일 밝혔다.  쏘카가 지난 15일 숙명여대에서 `간식카` 이벤트를 진행했다.  쏘카는 페이스북과 대학생 커뮤니티 ‘에브리타임’에서 실시한 사전 댓글 이벤트를 통해 대상 대학을 선정했다. 91개 대학에서 1만6000여명이 투표에 참여했고 숙명여대와 울산과학기술대(UNIST)가 선정됐다.지난 15일에는 숙명여대를 깜짝 방문해 초콜릿과 에너지드링크, 도넛 등 간식을 선물했다. 1000여명이 간식카에 들렀고 신규가입 1시간 무료쿠폰도 받았다. UNIST는 22일 방문한다.카셰어링 서비스 이용자 중 대학생 비중은 약 22%다. 쏘카는 국민대, 중앙대, 총신대, 제주대, UNIST, 부산대 등과 제휴를 맺어 캠퍼스 내 차고지를 운용하고 할인 혜택을 제공한다.신승호 쏘카 마케팅본부장은 “대학가에 위치한 차량은 하루 평균 4~11명이 1대를 나눠 탈 만큼 인기”라며 “캠퍼스를 중심으로 협력적 소비문화를 확산시키고 대학과 시너지를 낼 것”이라고 말했다.송준영기자 songjy@etnews.com",2015-04-16,735704,30150,쏘카,"쏘카, 대학 중간고사 기간 `간식카` 이벤트[수정]","['쏘카', '대표', '김지만', '대학', '중간고사', '기간', '간식', '카', '마련', '캠퍼스', '어택', '진행', '쏘카', '숙명여대', '간식', '카', '이벤트', '진행', '쏘카', '페이스북', '대학생', '커뮤니티', '에브리', '타임', '실시', '사전', '댓글', '이벤트', '대학', '선정', '대학', '만', '여명', '투표', '숙명여대', '울산', '과학기술대', '선정', '숙명여대', '깜짝', '방문', '초콜릿', '에너지드링크', '도넛', '간식', '선물', '여명', '간식', '카', '신규가입', '무료', '쿠폰', '방문', '카셰어링', '서비스', '이용자', '대학생', '쏘카', '국민대', '중앙대', '총신대', '제주', '부산', '제휴', '캠퍼스', '차고', '운용', '할인', '혜택', '제공', '신승호', '쏘카', '마케팅', '본부장', '대학가', '위치', '차량', '하루', '평균', '탈', '만큼', '인기', '캠퍼스', '중심', '협력', '소비', '문화', '확산', '대학', '시너지', '낼', '송준영', '기자']","['쏘카', '대학', '중간고사', '기간', '간식', '카', '이벤트', '수정']",지역,0
410,"['경제>서비스_쇼핑', '경제>산업_기업']","카셰어링 시장 1등을 다투는 그린카와 쏘카가 치열한 신경전을 벌이고 있다. 2위이던 쏘카가 차량 보유 대수와 회원 수 등 모든 수치에서 1위로 올라섰다고 나서자 그린카가 ‘과장’이라며 발끈했다.카셰어링 사업을 본격 시작한 시점은 그린카가 2011년 9월, 쏘카가 2012년 3월이다. 출발이 앞선 그린카가 차량 보유 대수와 차고지 수, 회원 수에서 줄곧 앞설 수밖에 없었다. 더욱이 그린카는 kt금호렌터카와 한솥밥을 먹으면서 자금 및 노하우 확보면에서 유리했다.그런데 지난달 말부터 쏘카 측이 ‘국내 최대 카셰어링 업체’란 표현을 쓰기 시작했다. 그린카 측은 ‘과장에 불과하다’고 일축했다. 누구 말이 맞을까.3일 쏘카에 따르면 이 업체는 1일 기준 1300대의 차와 750개의 차고지, 30만명의 회원을 보유했다. 그린카의 1100대, 700개, 24만명과 비교하면 분명 쏘카가 모든 면에서 앞선다. 두 업체는 차고지 수에 대해서는 인정했지만 차량 대수와 회원 수에서는 의견차가 컸다.그린카는 ‘지금 당장 이용할 수 있는’ 차량이 1100대라는 입장이다. 그린카 관계자는 “쏘카의 1300대는 수리 중인 차, 증차 예정인 차까지 포함한 것”이라면서 “그렇게 계산하면 우리 역시 이미 1300대를 넘어 1400대에 육박한다”고 강조했다.그린카는 쏘카의 회원 수 30만명에 대해서도 인정하지 않았다. 그린카 관계자는 “30만명은 실 회원 수에 페이스북 등 SNS 회원 수를 더한 것”이라며 “우리가 여전히 1등인 것을 알면서도 쏘카 측이 노이즈 마케팅을 하는 것”이라고 말했다.쏘카 측은 회원 수에서는 한 발 물러서면서도 차량 보유 대수는 그린카를 넘어선 것이 사실이라고 반박했다. 쏘카 관계자는 “SNS 회원도 쏘카를 이용할 수 있기 때문에 합산을 한 것뿐”이라면서 “매일 차량 보유 대수가 달라질 정도로 차량 구매 속도가 빠르다”고 말했다.김용주기자 kyj@etnews.com",2014-09-03,735479,30232,쏘카,카셰어링 1등 경쟁 치열...그린카 vs 쏘카 `티격태격`,"['카셰어링', '시장', '그린', '카', '쏘카', '치열', '신', '경전', '벌이', '쏘카', '차량', '보유', '대수', '회원', '모든', '수치', '위로', '나', '서자', '그린', '카', '과장', '발끈', '카셰어링', '사업', '본격', '시작', '시점', '그린', '카', '쏘카', '출발', '그린', '카', '차량', '보유', '대수', '차고', '회원', '줄곧', '더욱이', '그린', '카', '금호', '렌터카', '한솥', '밥', '자금', '노하우', '확보', '유리', '지난달', '쏘카', '측', '국내', '카셰어링', '업체', '란', '쓰기', '시작', '그린', '카', '측은', '과장', '불과', '축', '누구', '쏘카', '업체', '대의', '차', '차고', '만', '명의', '회원', '보유', '그린', '카', '만', '명과', '교하면', '분명', '쏘카', '모든', '면', '업체', '차고', '인정', '차량', '대수', '회원', '의견', '그린', '카', '지금', '당장', '이용', '차량', '입장', '그린', '카', '쏘카', '수리', '중인', '차', '증차', '차', '포함', '라면', '계산', '우리', '육박', '강조', '그린', '카', '쏘카', '회원', '서도', '인정', '그린', '카', '실', '회원', '페이스북', '회원', '우리', '여전', '알', '쏘카', '측', '노이즈', '마케팅', '쏘카', '측은', '회원', '발', '서면', '서도', '차량', '보유', '대수', '그린', '카를', '어선', '사실', '반박', '쏘카', '회원', '쏘카', '이용', '합산', '라면', '매일', '차량', '보유', '대수', '달라', '질', '차량', '구매', '속도', '김용주', '기자']","['카셰어링', '경쟁', '치열', '그린', '카', '쏘카', '티격태격']",경제,-1
84,['경제>경제일반'],"쏘카가 택시 집회 비상 이동 대책의 일환으로 최고 87% 할인된 가격에 차량 대여 서비스를 제공한다. 
 
차량 공유업체 쏘카는 택시업계의 대규모 집회가 예정된 20일 하루동안 1만~3만원에 차량을 대여할 수 있도록 지원한다고 19일 밝혔다. 
 
할인 적용 시간은 20일 0시부터 다음날인 21일 오전 9시(반납 기준)까지다. 최대 33시간 대여가 가능하며 경형 1만원, 준중형 2만원, 중형 3만원에 서비스를 이용할 수 있다. 
 
쏘카 관계자는 ""출퇴근, 미팅, 통학 등 20일에 이동 수단이 필요한 고객은 쏘카 스마트폰 앱에서 할인 쿠폰을 내려받아 차량을 예약하면 된다""고 했다. 
 
할인은 전국 3700여개 쏘카존(제주공항 제외)에 있는 1만1000여대 차량 중 일부 수입차종을 제외한 모든 차량에 적용된다. 보험료, 주행요금, 하이패스 비용 등은 기존 요금 체계와 동일하게 적용된다. 효율적인 수요 대응을 위해 부름 서비스는 포함하지 않았다. 
 
400만명이 넘는 회원을 보유한 소카는 전국 지자체별 비상 수송 대책에도 적극 협조할 계획이다. 
 
한서진 쏘카 마케팅본부장은 ""이번 대책이 이용자들의 원활한 이동에 도움이 되면 좋겠다""고 했다.",2018-12-19,737047,28626,쏘카,쏘카 20일 하루만 1만~3만원에 차량 대여...택시업계 집회 대비,"['쏘카', '택시', '집회', '비상', '이동', '대책', '일환', '할인', '가격', '차량', '대여', '서비스', '제공', '차량', '공유', '업체', '쏘카', '택시', '업계', '대규모', '집회', '하루', '만', '차량', '대여', '도록', '지원', '할인', '적용', '시간', '다음', '날인', '오전', '반납', '대여', '중형', '중형', '서비스', '이용', '쏘카', '출퇴근', '미팅', '통학', '이동', '수단', '필요', '고객', '쏘카', '스마트폰', '앱', '할인', '쿠폰', '차량', '예약', '할인', '전국', '여개', '쏘카', '존', '제주', '공항', '제외', '만', '여대', '차량', '일부', '수입', '차종', '제외', '모든', '차량', '적용', '보험료', '주행', '요금', '비용', '요금', '체계', '동일', '적용', '효율', '대응', '서비스', '포함', '회원', '보유', '카', '전국', '지자체', '별', '비상', '수송', '대책', '적극', '협조', '계획', '한서진', '쏘카', '마케팅', '본부장', '대책', '이용자', '원활', '이동', '도움']","['쏘카', '하루', '만', '차량', '대여', '택시', '업계', '집회']",경제,0
341,"['경제>취업_창업', '경제>국제경제', '경제>산업_기업']","인터넷 포털사이트 다음(DAUM) 창업자인 이재웅 소풍(sopoong) 대표가 또 한 번의 투자 대박 기회를 맞게 됐다. 이 대표는 다음을 카카오에 매각하기 전부터 다음 경영에서 손을 떼고 사회적 벤처, 소풍을 창업해 초기기업에 투자해 왔다. 그 중 하나가 카셰어링(자동차공유)업체 ‘쏘카’인데 이 기업의 가치가 최근 자본시장에서 3000억원을 호가하고 있다. 

 

18일 금융투자업계에 따르면 지난해 베인캐피탈에서 180억원의 투자를 유치한 쏘카는 최근 국내 SK그룹과 GS그룹, 롯데그룹 등 자동차 관련 사업을 영위하는 대기업과 재무적 투자자들로부터 투자 및 인수 제안을 직간접적으로 받고 있다. 

 

거래 관계자는 “중고차 매매와 렌터카 사업을 하고 있는 SK그룹과 계열사 SK네트웍스 등이 적극적인데 시장에서 3000억원에 (경영권 지분) 인수를 제안했지만 쏘카가 거절한 것으로 알려졌다”며 “쏘카의 성장세는 폭발적”이라고 말했다. 

 

쏘카는 다음 출신의 김지만 대표가 2011년에 다음 본사가 있던 제주도에서 창업한 카셰어링업체다. 김 대표는 제주에서 창업하면서 렌터카 규제를 맞추기 위해 차량 100대를 구입해야 했는데 이 초기 사업비용을 이재웅 대표가 소풍을 통해 제공했다. 

 

 쏘카는 창업 당시 임직원이 10명 내외였으나 5년 만에 95명으로 늘었고 영업용 차량도 3200여대로 급증했다. 2013년 영업수익은 24억원에 불과했지만 지난해에는 146억원으로 약 6배 성장했다. 올해 영업수익은 500억원 가량으로 예상되며 내년 영업수익 목표는 1000억원에 달한다. 이익 측면에선 규모의 경제가 필요해 지난해 약 15억원의 적자를 냈지만 내년부터는 흑자로 돌아설 것으로 전망된다. 

 

쏘카는 카셰어링이라는 사업분야에서 비교적 단시간에 시장을 창출하고 선두기업이 됐다. 지난해 투자 유치한 자금으로 내년에 보유 차량을 5000대로 늘릴 계획인데 후발 주자인 롯데렌탈(옛 KT렌탈) 자회사인 그린카의 영업차량이 2000여대에 불과한 것을 감안하면 1위 수성이 어렵지 않을 것으로 전망된다. 

 

쏘카와 회사 실무진은 지분구조를 밝히지 않고 있다. 아직 비상장사라 공시의무도 없다. 홍지영 쏘카 마케팅팀장은 “투자된 자본의 주당 가치와 대주주 구성 여부, 김지만 대표의 지분율 등은 모두 공개할 수 없는 대외비”라고 말했다. 

 

 쏘카는 자본금 3억원 수준으로 시작해 수차례의 유상증자로 지난해 초까지 자본 조정액이 18억5000만원 수준이었다. 2013년까지 매출이 미미하고 생사가 불확실한 지역 기업에 머물렀다는 점을 감안하면 김지만 대표와 소풍, 그리고 이재웅 대표의 지분율에는 큰 격차가 없을 것으로 보인다. 오히려 시장에서는 언론에 드러나기 꺼리는 이재웅 대표가 소풍과 김 대표를 통해 쏘카 사업을 벌이고 있다는 추측도 나돈다. 

 

지난해 180억원을 투자한 베인캐피탈의 계산에 따르면 지난해 쏘카의 기업가치는 500억원 안팎이었다는 추산이 가능하다. 쏘카가 베인캐피탈에 넘긴 지분율이 최대 30%를 넘지 못했을 것으로 추정되기 때문이다. 올해 쏘카의 영업수익이 지난해보다 3배 가량 성장한 500억원 안팎이고 내년 매출이 1000억원이라고 가정하면 기업가치가 3000억원을 호가하는 것도 무리는 아니란 평가다. 

 

이재웅 대표는 다음을 설립하고 지분을 매매하는 과정에서 약 3000억원 이상의 재산(유가증권 포함)을 얻은 것으로 알려졌다. 여기에 소풍의 사실상 첫 집중 투자 대상이었던 쏘카를 통해서도 최소한 비슷한 규모나 그 이상의 가치창출이 예상된다. 홍 팀장은 “내년에도 쏘카의 투자 유치는 추가적으로 이뤄질 수 있다”며 “기업가치보다는 공유경제를 선도하는 기업으로 지켜봐달라”고 말했다.",2015-11-19,735921,29977,쏘카,"[단독] 다음 창업자 이재웅, 쏘카로 어느새 3000억","['인터넷', '포털사이트', '다음', '창업', '자인', '이재웅', '소풍', '대표', '또', '번의', '투자', '대박', '기회', '대표', '다음', '카카오', '매각', '전부', '터', '다음', '경영', '손', '사회', '벤처', '소풍', '창업', '초기', '기업', '투자', '카셰어링', '자동차', '공유', '업체', '쏘카', '기업', '가치', '자본시장', '호가', '금융투자', '업계', '베인', '캐피탈', '투자', '유치', '쏘카', '국내', '그룹', '그룹', '롯데', '그룹', '자동차', '사업', '영위', '대기업', '재무', '투자자', '로부터', '투자', '제안', '직', '간접', '거래', '중고차', '매매', '렌터카', '사업', '그룹', '계열', '네트웍', '스', '극적', '시장', '경영', '권', '지분', '제안', '쏘카', '거절', '쏘카', '성장', '폭발', '쏘카', '다음', '출신', '김지만', '대표', '다음', '본사', '제주도', '창업', '카셰어링', '업체', '김', '대표', '제주', '창업', '렌터카', '규제', '추기', '차량', '구입', '초기', '사업', '비용', '이재웅', '대표', '소풍', '제공', '쏘카', '창업', '당시', '임직원', '내외', '영업', '용', '차량', '여대', '급증', '영업', '수익', '불과', '성장', '영업', '수익', '가량', '내년', '영업', '수익', '목표', '이익', '측면', '규모', '경제', '필요', '적자', '내년', '흑자', '전망', '쏘카', '카셰어링', '사업', '분야', '단시간', '시장', '창', '출하', '선두', '기업', '투자', '유치', '자금', '내년', '보유', '차량', '대로', '계획', '후발', '주자', '롯데', '렌탈', '렌탈', '자회사', '그린', '카', '영업', '차량', '여대', '불과', '감안', '수성', '전망', '쏘카', '회사', '실', '무진', '지분', '구조', '아직', '상장사', '공시', '의무', '홍', '지영', '쏘카', '마케팅', '팀', '투자', '자본', '가치', '대주', '구성', '여부', '김지만', '대표', '지분', '모두', '공개', '대외', '쏘카', '자본금', '시작', '유상증자', '초', '자본', '정액', '억만', '었다', '매출', '미미', '생사', '불확실', '지역', '기업', '감안', '김지만', '대표', '소풍', '이재웅', '대표', '지분', '격차', '오히려', '시장', '언론', '나기', '이재웅', '대표', '소풍', '김', '대표', '쏘카', '사업', '벌이', '추측', '나돈', '투자', '베인', '캐피탈', '계산', '쏘카', '기업가', '안팎', '었다', '추산', '쏘카', '베인', '캐피탈', '지분', '쏘카', '영업', '수익', '가량', '성장', '안팎', '내년', '매출', '가정', '기업가', '치가', '호가', '무리', '란', '평가', '이재웅', '대표', '다음', '설립', '지분', '매', '매하', '과정', '재산', '유가', '증권', '포함', '여기', '소풍', '사실', '첫', '집중', '투자', '었던', '쏘카', '서도', '최소한', '규모', '가치', '창', '홍', '팀', '내년', '쏘카', '투자', '유치', '기업', '가치', '공유경제', '도하', '기업', '달라']","['단독', '다음', '창업', '자', '이재웅', '쏘카']",경제,3
128,"['경제>산업_기업', '경제>서비스_쇼핑', '경제>유통']","신한카드(대표 임영진)가 모빌리티 기업 쏘카(SOCAR)와 제휴해 차량 공유 서비스 업종에 특화된 신상품 'SOCAR 신한카드' 신용・체크 2종을 출시했다고 2일 밝혔다.

쏘카 결제금액의 30% 결제일 할인은 물론 철도할인(KTX,SRT포함), 쇼핑할인(3대할인점), 편의점할인, 커피할인 등 전월실적에 따라 최대 4만원까지 할인받을 수 있다.

우선 쏘카 결제금액의 30% 할인이 적용된다. 할인전 승인금액으로 회당 9000원까지 할인(월 최대 할인한도 2만원)이 가능하다. 월 할인횟수는 전월이용금액에 따라 30만원 이상 60만원 미만은 1회, 60만원이상 90만원 미만은 2회, 90만원 이상은 3회까지다.

이외 철도는 10% 결제일 할인이 가능하며, 일 1회, 월 2회 통합 적용으로 회당 5000원까지 할인된다. 쇼핑(홈플러스,이마트,롯데마트)도 3% 결제일 할인으로 통합 일 1회, 월 3회, 회당 3000원까지 할인된다.

신한카드 관계자는 ""쏘카 회원 및 차량 공유에 관심이 많은 고객에게 보다 폭넓은 서비스를 제공할 수 있다는 점에서 의미가 있다”며, “제휴카드 출시뿐만 아니라 양사 디지털 기술을 활용한 시너지 창출도 지속 모색하겠다”고 말했다.

길재식 금융산업 전문기자 osolgil@etnews.com",2018-08-02,736908,29012,쏘카,"신한카드, 쏘카 이용요금 최대 30% 할인카드 출시","['신한카드', '대표', '임영진', '모빌리티', '기업', '쏘카', 'socar', '제휴', '차량', '공유', '서비스', '업종', '특화된', '신상', '품', 'socar', '신한카드', '신용', '체크', '종', '출시', '쏘카', '결제', '금액', '결제', '할인', '철도', '할인', '포함', '쇼핑', '할인', '할인점', '편의점', '할인', '커피', '할인', '전월', '실적', '할인', '우선', '쏘카', '결제', '금액', '할인', '적용', '할인', '승인', '금액', '회당', '할인', '월', '할인', '한도', '월', '할인', '횟수', '전월', '이용', '금액', '미만', '미만', '이상은', '이외', '철도', '결제', '할인', '월', '통합', '적용', '회당', '할인', '쇼핑', '홈플러스', '이마트', '롯데', '마트', '도', '결제', '할인', '통합', '월', '회당', '할인', '신한카드', '쏘카', '회원', '차량', '공유', '관심', '고객', '서비스', '제공', '의미', '제휴', '카드', '출시', '뿐', '양사', '디지털', '기술', '활용', '시너지', '창', '모색', '길재', '식']","['신한카드', '쏘카', '이용', '요금', '할인', '카드', '출시']",경제,2
209,"['사회>사회일반', '경제>경제일반']","신한은행이 금융권 최초로 본점에 공유차량 주차장인 쏘카존과 전기차 충전기를 설치하고 쏘카 법인회원 프로그램을 도입한다고 11일 밝혔다.

신한은행은 환경보호와 공유경제 확산을 돕고 직원들의 디지털 마인드 체득과 업무 편의성 제고하기위해 쏘카존을 설치했다. 신한은행은 본점 외에 직원 합숙소 세 곳(필동, 영등포, 성수동)에도 쏘카존을 설치했다.

 신한은행 직원은 본점과 합숙소 쏘카존에 주차된 쏘카를 업무용과 개인용으로 사용할 수 있다. 공유경제의 특성상 직원이 이용하지 않을 때에는 일반 쏘카 고객들도 이용할 수 있다. 전기차 충전기는 내년 1월 설치가 완료될 예정이다.

신한은행은 쏘카 법인 회원 프로그램을 시범운영 후 비용절감, 이용 직원 편의성 등을 고려해 쏘카 차량 도입 확대와 영업점 주차장에 쏘카존을 설치하는 것을 검토 중이다. 은행이 소유한 영업점의 주차 공간을 공유 경제를 위해 제공하며 기업의 사회적 책임을 실천하겠다는 의도다.

신한은행 관계자는 “쏘카와 전기차를 이용하는 직원은 자연스럽게 디지털 마인드를 가질 수 있을 뿐만 아니라 환경보호, 사회적 가치 등을 실천할 수 있다”며 “이는 주차공간 활용과 업무용 차량 사용의 리디파인이다”라고 말했다.

신한은행은 지난 1일 환경부와 전기차 운행 인센티브 확대를 위한 업무협약을 체결한바 있다. 신한 MyCar대출을 통해 전기차 구매 시 추가로 금리 감면 혜택을 제공할 예정이다.


최동수 기자 firefly@mt.co.kr",2017-12-11,736674,29284,쏘카,"신한은행, 본점 주차장에 쏘카존 설치","['신한은행', '금융', '권', '최초', '본점', '공유', '차량', '주차장', '카존', '전기차', '충전기', '설치', '쏘카', '법인', '회원', '프로그램', '도입', '신한은행', '환경보호', '공유경제', '확산', '직원', '디지털', '마인드', '체득', '업무', '편의', '고하', '카존', '설치', '신한은행', '본점', '외', '직원', '합숙', '소', '곳', '필동', '영등포', '성수동', '카존', '설치', '신한은행', '직원', '본점', '합숙', '소', '카존', '주차', '쏘카', '업', '무용', '인용', '사용', '공유경제', '특성', '직원', '이용', '일반', '쏘카', '고객', '이용', '전기차', '충전기', '내년', '설치', '완료', '신한은행', '쏘카', '법인', '회원', '프로그램', '시범', '운영', '비용', '절감', '이용', '직원', '편의', '고려', '쏘카', '차량', '도입', '영업점', '주차장', '카존', '설', '치하', '검토', '중이', '은행', '소유', '영업점', '주차', '공간', '공유', '경제', '제공', '기업', '사회', '책임', '실천', '의도', '신한은행', '쏘카', '전기차', '이용', '직원', '자연', '디지털', '마인드', '뿐', '환경보호', '사회', '가치', '실천', '주차공간', '활용', '업무', '용', '차량', '사용', '리', '디파', '신한은행', '환경부', '전기차', '운행', '인', '센티', '브', '업무', '협약', '체결', '신한', '대출', '전기차', '구매', '시', '금리', '혜택', '제공']","['신한은행', '본점', '주차장', '쏘카', '존', '설치']",경제,1
279,"['문화>요리_여행', '문화>전시_공연']","카셰어링업체 쏘카(대표 이재용)가 '스트리트 오아시스'의 첫번째 프로젝트로 유명 일러스트레이터의 작품을 랩핑한 '#아트쏘카'를 운영한다고 20일 밝혔다. 스트리트 오아시스는 카셰어링과 예술 문화의 콜라보레이션 프로젝트다. 쏘카는 공유차 레이를 유명 아티스트들의 작품으로 랩핑한 '아트쏘카'를 통해 고객들이 보다 개성있고 차별화된 쏘카를 이용할 수 있도록 기획했다. 아트쏘카 프로젝트에는 최근 2030 라이프스타일을 대변하며 인기를 끌고 있는 일러스트레이터 6명이 참여했다. 김정윤, 키미앤12, 어니언팩토리, Grafflex, 문크, 설찌 등 총 6명 등이다. 아트쏘카는 전국 쏘카존에서 150대 규모로 운영되며, 아트쏘카의 위치는 쏘카 앱 예약하기 내에서 아트쏘카존을 검색하면 쉽게 확인 가능하다. 쏘카는 이번 아트쏘카 운영을 기념해 회원 가입 고객에게 기본 3시간 무료 쿠폰을 증정하며, 친구를 초대하면 각각 1만원 상당의 무료 쿠폰을 증정한다. SNS(소셜네트워크서비스) 채널을 통해 추첨행사도 진행한다. 이재용 쏘카 대표이사는 ""쏘카의 '스트리트 오아시스' 프로젝트는 무료한 일상의 도로에 톡톡 튀는 즐거움과 새로운 영감을 불어넣기 위해 기획됐다""며 ""이번 아트쏘카를 시작으로 공유경제와 자동차 라이프스타일의 변화를 선도할 수 있는 다양한 공공예술과 문화 프로젝트를 선보일 예정""이라고 밝혔다.박상빈 기자 bini@mt.co.kr",2016-09-20,736227,29675,쏘카,"""길 위의 오아시스""..쏘카, 랩핑카 '아트쏘카' 운영","['카셰어링', '업체', '쏘카', '대표', '이재용', '스트리트', '오아시스', '첫', '프로젝트', '유명', '일러스트레이터', '작품', '랩핑', '아트', '쏘카', '운영', '스트리트', '오아시스', '카셰어링', '예술', '문화', '콜라보레이션', '프로젝트', '쏘카', '공유', '차', '레이', '유명', '아티스트', '작품', '랩핑', '아트', '쏘카', '고객', '개성', '차별', '쏘카', '이용', '도록', '기획', '아트', '쏘카', '프로젝트', '라이프스타일', '대변', '인기', '끌', '일러스트레이터', '김정윤', '키', '앤', '어니언', '팩토리', '문', '설찌', '아트', '쏘카', '전국', '카존', '규모', '운영', '아트', '쏘카', '위치', '쏘카', '앱', '예약', '아트', '쏘카', '존', '검색', '확인', '쏘카', '아트', '쏘카', '운영', '기념', '회원', '가입', '고객', '기본', '무료', '쿠폰', '증정', '친구', '초', '상당', '무료', '쿠폰', '증정', '소셜네트워크서비스', '채널', '추첨', '행사', '진행', '이재용', '쏘카', '대표이사', '쏘카', '스트리트', '오아시스', '프로젝트', '무료', '일상', '도로', '톡톡', '즐거움', '새', '영감', '불어', '넣기', '기획', '아트', '쏘카', '시작', '공유경제', '자동차', '라이프스타일', '변화', '선도', '다양', '공공예술', '문화', '프로젝트']","['길', '오아시스', '쏘카', '랩핑', '카', '아트', '쏘카', '운영']",문화,-1
